{
  "gpu": "NVIDIA GeForce RTX 3060",
  "dtype": "torch.float16",
  "attention": {
    "seqlens": [
      128,
      512,
      1024,
      2048
    ],
    "naive_ms": [
      0.26214399933815,
      0.4819200038909912,
      1.6486400365829468,
      7.137279987335205
    ],
    "sdpa_ms": [
      0.05936000123620033,
      0.08294399827718735,
      0.15654399991035461,
      0.3734399974346161
    ],
    "triton_ms": [
      0.057151999324560165,
      0.09939199686050415,
      0.19353599846363068,
      0.461760014295578
    ]
  },
  "paged_decode": {
    "ctx_lens": [
      16,
      64,
      256,
      512,
      1024
    ],
    "eager_ms": [
      0.2754560112953186,
      0.26230400800704956,
      0.2669120132923126,
      0.2672320008277893,
      0.2624639868736267
    ],
    "triton_ms": [
      0.1679999977350235,
      0.19865599274635315,
      0.16281600296497345,
      0.18195199966430664,
      0.21907199919223785
    ],
    "paged_ms": [
      0.06617599725723267,
      0.06492800265550613,
      0.060416001826524734,
      0.07782399654388428,
      0.13414399325847626
    ]
  },
  "throughput": {
    "hf_time": 7.345027184000003,
    "our_time": 1.3351468359999785,
    "hf_tps": 127.16086361594051,
    "our_tps": 699.5485251631267,
    "speedup": 5.5012879377411945,
    "total_out": 934
  }
}